Workbook

Sheet Instructions
A1: Capstone Evaluator Scoring Workbook (Days 36 to 40, Tue 15 Dec to Mon 21 Dec 2026)
A2: Prepared by Ahmed | linkedin.com/in/ahmed-al-imaad
A4: How to use:
A5: 1. Open a Team sheet. Enter team name, project and evaluator in the yellow cells at the top.
A6: 2. For each criterion, enter a level from 1 to 4 in the yellow Level column (4 Excellent, 3 Good, 2 Developing, 1 Beginning).
A7: 3. Points are calculated automatically: weight x level / 4. The total and grade band update automatically.
A8: 4. Add short evidence notes for every score: what you saw in the demo, repository or evaluation report.
A9: 5. The Summary sheet collects every team's total and grade.
A11: Yellow cells = inputs. White and teal cells = formulas, do not edit.
A12: Team 1 contains an example of filled-in scores to show the expected format. Replace it with real scores.
A13: Grade bands: 85 to 100 Distinction, 70 to 84 Merit, 55 to 69 Pass, below 55 Needs resubmission (from the Capstone Guide).
A14: NEW (v4): also complete the 'Baseline v4' sheet (modernisation step, AGENTS.md, OWASP Agentic checklist, vulnerability report, token and cost report). Missing items lower the matching criterion.

Sheet Summary
A1: Team | B1: Team name | C1: Project | D1: Total (out of 100) | E1: Grade band | F1: Criteria scored
A2: Team 1 | B2: =IF('Team 1'!B1="","",'Team 1'!B1) | C2: =IF('Team 1'!B2="","",'Team 1'!B2) | D2: ='Team 1'!D16 | E2: ='Team 1'!D17 | F2: ='Team 1'!D18
A3: Team 2 | B3: =IF('Team 2'!B1="","",'Team 2'!B1) | C3: =IF('Team 2'!B2="","",'Team 2'!B2) | D3: ='Team 2'!D16 | E3: ='Team 2'!D17 | F3: ='Team 2'!D18
A4: Team 3 | B4: =IF('Team 3'!B1="","",'Team 3'!B1) | C4: =IF('Team 3'!B2="","",'Team 3'!B2) | D4: ='Team 3'!D16 | E4: ='Team 3'!D17 | F4: ='Team 3'!D18
A5: Team 4 | B5: =IF('Team 4'!B1="","",'Team 4'!B1) | C5: =IF('Team 4'!B2="","",'Team 4'!B2) | D5: ='Team 4'!D16 | E5: ='Team 4'!D17 | F5: ='Team 4'!D18
A6: Team 5 | B6: =IF('Team 5'!B1="","",'Team 5'!B1) | C6: =IF('Team 5'!B2="","",'Team 5'!B2) | D6: ='Team 5'!D16 | E6: ='Team 5'!D17 | F6: ='Team 5'!D18
A7: Team 6 | B7: =IF('Team 6'!B1="","",'Team 6'!B1) | C7: =IF('Team 6'!B2="","",'Team 6'!B2) | D7: ='Team 6'!D16 | E7: ='Team 6'!D17 | F7: ='Team 6'!D18
A8: Team 7 | B8: =IF('Team 7'!B1="","",'Team 7'!B1) | C8: =IF('Team 7'!B2="","",'Team 7'!B2) | D8: ='Team 7'!D16 | E8: ='Team 7'!D17 | F8: ='Team 7'!D18
A9: Team 8 | B9: =IF('Team 8'!B1="","",'Team 8'!B1) | C9: =IF('Team 8'!B2="","",'Team 8'!B2) | D9: ='Team 8'!D16 | E9: ='Team 8'!D17 | F9: ='Team 8'!D18

Sheet Rubric
A1: Criterion | B1: Weight | C1: What evaluators look for | D1: 4 Excellent | E1: 3 Good | F1: 2 Developing | G1: 1 Beginning
A2: Problem understanding and scoping | B2: 10 | C2: Clear problem statement, users, success metrics, assumptions log, agreed MVP scope (FDE Mindset Days 1, 14, 19). | D2: Goes beyond the brief; production-minded; evidence for every claim. | E2: Meets the brief fully with minor gaps. | F2: Partly meets the brief; important gaps or untested parts. | G2: Major parts missing or not working.
A3: Architecture and design | B3: 10 | C3: Sensible architecture diagram, layered code, right tool choices with reasons, data model (Days 4, 6, 18, 34). | D3: Goes beyond the brief; production-minded; evidence for every claim. | E3: Meets the brief fully with minor gaps. | F3: Partly meets the brief; important gaps or untested parts. | G3: Major parts missing or not working.
A4: Core functionality | B4: 20 | C4: All must-have features work end to end in the demo; project checklist items delivered. | D4: Goes beyond the brief; production-minded; evidence for every claim. | E4: Meets the brief fully with minor gaps. | F4: Partly meets the brief; important gaps or untested parts. | G4: Major parts missing or not working.
A5: AI and data quality | B5: 15 | C5: Golden set of at least 20 items, measured metrics (retrieval, faithfulness or recommendation quality), error analysis (Days 22, 31, 32). | D5: Goes beyond the brief; production-minded; evidence for every claim. | E5: Meets the brief fully with minor gaps. | F5: Partly meets the brief; important gaps or untested parts. | G5: Major parts missing or not working.
A6: Engineering quality | B6: 10 | C6: Readable code, tests (API, pipeline, prompts), Git history with pull requests, CI pipeline green (Days 15, 17, 20). NEW (v4): AGENTS.md in the repo; modernisation step done tests first. | D6: Goes beyond the brief; production-minded; evidence for every claim. | E6: Meets the brief fully with minor gaps. | F6: Partly meets the brief; important gaps or untested parts. | G6: Major parts missing or not working.
A7: Security, guardrails and responsible AI | B7: 10 | C7: Input and output guardrails, secrets handling, least privilege, a red-team check, fairness or language slice check (Days 7, 30). NEW (v4): OWASP Agentic checklist and vulnerability report. | D7: Goes beyond the brief; production-minded; evidence for every claim. | E7: Meets the brief fully with minor gaps. | F7: Partly meets the brief; important gaps or untested parts. | G7: Major parts missing or not working.
A8: Deployment and operations | B8: 10 | C8: Containerised, deployable (Azure or documented), structured logs, a dashboard or report, one drift or quality check (Days 21, 33 to 35). NEW (v4): token and cost report. | D8: Goes beyond the brief; production-minded; evidence for every claim. | E8: Meets the brief fully with minor gaps. | F8: Partly meets the brief; important gaps or untested parts. | G8: Major parts missing or not working.
A9: Demo and communication | B9: 10 | C9: Answer-first readout, live demo, honest limits, confident Q&A, clear handover README (FDE Mindset Days 24, 29). | D9: Goes beyond the brief; production-minded; evidence for every claim. | E9: Meets the brief fully with minor gaps. | F9: Partly meets the brief; important gaps or untested parts. | G9: Major parts missing or not working.
A10: Teamwork and process | B10: 5 | C10: Daily stand-ups, decision log, fair contribution, kind and specific feedback (FDE Mindset Days 14, 24, 29). | D10: Goes beyond the brief; production-minded; evidence for every claim. | E10: Meets the brief fully with minor gaps. | F10: Partly meets the brief; important gaps or untested parts. | G10: Major parts missing or not working.
A11: Total weight | B11: =SUM(B2:B10)

Sheet Baseline v4
A1: NEW (v4) baseline items: enter Y or N per team
A3: Baseline item | B3: Scored under | C3: Team 1 | D3: Team 2 | E3: Team 3 | F3: Team 4 | G3: Team 5 | H3: Team 6 | I3: Team 7 | J3: Team 8
A4: Modernisation step (characterisation tests first, reviewed PRs) | B4: Engineering quality
A5: AGENTS.md in the team repo | B5: Engineering quality
A6: Security checklist: OWASP Top 10 for Agentic Applications | B6: Security, guardrails and responsible AI
A7: Vulnerability report (scans and red-team, fixed and verified) | B7: Security, guardrails and responsible AI
A8: Token and cost report (placeholder prices labelled) | B8: Deployment and operations
A10: Items present | C10: =COUNTIF(C4:C8,"Y")&"/5" | D10: =COUNTIF(D4:D8,"Y")&"/5" | E10: =COUNTIF(E4:E8,"Y")&"/5" | F10: =COUNTIF(F4:F8,"Y")&"/5" | G10: =COUNTIF(G4:G8,"Y")&"/5" | H10: =COUNTIF(H4:H8,"Y")&"/5" | I10: =COUNTIF(I4:I8,"Y")&"/5" | J10: =COUNTIF(J4:J8,"Y")&"/5"

Sheet Team 1
A1: Team name | B1: Example team (replace)
A2: Project | B2: PolicyPal: Enterprise HR and IT Policy Chatbot
A3: Evaluator | B3: Evaluator name
A5: Criterion | B5: Weight | C5: Level (1 to 4) | D5: Points | E5: Evidence notes
A6: =Rubric!A2 | B6: =Rubric!B2 | C6: 3 | D6: =IF(C6="","",B6*C6/4)
A7: =Rubric!A3 | B7: =Rubric!B3 | C7: 3 | D7: =IF(C7="","",B7*C7/4)
A8: =Rubric!A4 | B8: =Rubric!B4 | C8: 3 | D8: =IF(C8="","",B8*C8/4)
A9: =Rubric!A5 | B9: =Rubric!B5 | C9: 2 | D9: =IF(C9="","",B9*C9/4) | E9: Golden set of 24 items; faithfulness 0.86; no Japanese slice yet.
A10: =Rubric!A6 | B10: =Rubric!B6 | C10: 3 | D10: =IF(C10="","",B10*C10/4)
A11: =Rubric!A7 | B11: =Rubric!B7 | C11: 2 | D11: =IF(C11="","",B11*C11/4)
A12: =Rubric!A8 | B12: =Rubric!B8 | C12: 3 | D12: =IF(C12="","",B12*C12/4)
A13: =Rubric!A9 | B13: =Rubric!B9 | C13: 4 | D13: =IF(C13="","",B13*C13/4)
A14: =Rubric!A10 | B14: =Rubric!B10 | C14: 3 | D14: =IF(C14="","",B14*C14/4)
A16: Total (out of 100) | D16: =IF(COUNT(C6:C14)=0,"",SUM(D6:D14))
A17: Grade band | D17: =IF(D16="","",IF(D16>=85,"Distinction",IF(D16>=70,"Merit",IF(D16>=55,"Pass","Needs resubmission"))))
A18: Criteria scored | D18: =COUNT(C6:C14)&"/9"

Sheet Team 2
A1: Team name
A2: Project
A3: Evaluator
A5: Criterion | B5: Weight | C5: Level (1 to 4) | D5: Points | E5: Evidence notes
A6: =Rubric!A2 | B6: =Rubric!B2 | D6: =IF(C6="","",B6*C6/4)
A7: =Rubric!A3 | B7: =Rubric!B3 | D7: =IF(C7="","",B7*C7/4)
A8: =Rubric!A4 | B8: =Rubric!B4 | D8: =IF(C8="","",B8*C8/4)
A9: =Rubric!A5 | B9: =Rubric!B5 | D9: =IF(C9="","",B9*C9/4)
A10: =Rubric!A6 | B10: =Rubric!B6 | D10: =IF(C10="","",B10*C10/4)
A11: =Rubric!A7 | B11: =Rubric!B7 | D11: =IF(C11="","",B11*C11/4)
A12: =Rubric!A8 | B12: =Rubric!B8 | D12: =IF(C12="","",B12*C12/4)
A13: =Rubric!A9 | B13: =Rubric!B9 | D13: =IF(C13="","",B13*C13/4)
A14: =Rubric!A10 | B14: =Rubric!B10 | D14: =IF(C14="","",B14*C14/4)
A16: Total (out of 100) | D16: =IF(COUNT(C6:C14)=0,"",SUM(D6:D14))
A17: Grade band | D17: =IF(D16="","",IF(D16>=85,"Distinction",IF(D16>=70,"Merit",IF(D16>=55,"Pass","Needs resubmission"))))
A18: Criteria scored | D18: =COUNT(C6:C14)&"/9"

Sheet Team 3
A1: Team name
A2: Project
A3: Evaluator
A5: Criterion | B5: Weight | C5: Level (1 to 4) | D5: Points | E5: Evidence notes
A6: =Rubric!A2 | B6: =Rubric!B2 | D6: =IF(C6="","",B6*C6/4)
A7: =Rubric!A3 | B7: =Rubric!B3 | D7: =IF(C7="","",B7*C7/4)
A8: =Rubric!A4 | B8: =Rubric!B4 | D8: =IF(C8="","",B8*C8/4)
A9: =Rubric!A5 | B9: =Rubric!B5 | D9: =IF(C9="","",B9*C9/4)
A10: =Rubric!A6 | B10: =Rubric!B6 | D10: =IF(C10="","",B10*C10/4)
A11: =Rubric!A7 | B11: =Rubric!B7 | D11: =IF(C11="","",B11*C11/4)
A12: =Rubric!A8 | B12: =Rubric!B8 | D12: =IF(C12="","",B12*C12/4)
A13: =Rubric!A9 | B13: =Rubric!B9 | D13: =IF(C13="","",B13*C13/4)
A14: =Rubric!A10 | B14: =Rubric!B10 | D14: =IF(C14="","",B14*C14/4)
A16: Total (out of 100) | D16: =IF(COUNT(C6:C14)=0,"",SUM(D6:D14))
A17: Grade band | D17: =IF(D16="","",IF(D16>=85,"Distinction",IF(D16>=70,"Merit",IF(D16>=55,"Pass","Needs resubmission"))))
A18: Criteria scored | D18: =COUNT(C6:C14)&"/9"

Sheet Team 4
A1: Team name
A2: Project
A3: Evaluator
A5: Criterion | B5: Weight | C5: Level (1 to 4) | D5: Points | E5: Evidence notes
A6: =Rubric!A2 | B6: =Rubric!B2 | D6: =IF(C6="","",B6*C6/4)
A7: =Rubric!A3 | B7: =Rubric!B3 | D7: =IF(C7="","",B7*C7/4)
A8: =Rubric!A4 | B8: =Rubric!B4 | D8: =IF(C8="","",B8*C8/4)
A9: =Rubric!A5 | B9: =Rubric!B5 | D9: =IF(C9="","",B9*C9/4)
A10: =Rubric!A6 | B10: =Rubric!B6 | D10: =IF(C10="","",B10*C10/4)
A11: =Rubric!A7 | B11: =Rubric!B7 | D11: =IF(C11="","",B11*C11/4)
A12: =Rubric!A8 | B12: =Rubric!B8 | D12: =IF(C12="","",B12*C12/4)
A13: =Rubric!A9 | B13: =Rubric!B9 | D13: =IF(C13="","",B13*C13/4)
A14: =Rubric!A10 | B14: =Rubric!B10 | D14: =IF(C14="","",B14*C14/4)
A16: Total (out of 100) | D16: =IF(COUNT(C6:C14)=0,"",SUM(D6:D14))
A17: Grade band | D17: =IF(D16="","",IF(D16>=85,"Distinction",IF(D16>=70,"Merit",IF(D16>=55,"Pass","Needs resubmission"))))
A18: Criteria scored | D18: =COUNT(C6:C14)&"/9"

Sheet Team 5
A1: Team name
A2: Project
A3: Evaluator
A5: Criterion | B5: Weight | C5: Level (1 to 4) | D5: Points | E5: Evidence notes
A6: =Rubric!A2 | B6: =Rubric!B2 | D6: =IF(C6="","",B6*C6/4)
A7: =Rubric!A3 | B7: =Rubric!B3 | D7: =IF(C7="","",B7*C7/4)
A8: =Rubric!A4 | B8: =Rubric!B4 | D8: =IF(C8="","",B8*C8/4)
A9: =Rubric!A5 | B9: =Rubric!B5 | D9: =IF(C9="","",B9*C9/4)
A10: =Rubric!A6 | B10: =Rubric!B6 | D10: =IF(C10="","",B10*C10/4)
A11: =Rubric!A7 | B11: =Rubric!B7 | D11: =IF(C11="","",B11*C11/4)
A12: =Rubric!A8 | B12: =Rubric!B8 | D12: =IF(C12="","",B12*C12/4)
A13: =Rubric!A9 | B13: =Rubric!B9 | D13: =IF(C13="","",B13*C13/4)
A14: =Rubric!A10 | B14: =Rubric!B10 | D14: =IF(C14="","",B14*C14/4)
A16: Total (out of 100) | D16: =IF(COUNT(C6:C14)=0,"",SUM(D6:D14))
A17: Grade band | D17: =IF(D16="","",IF(D16>=85,"Distinction",IF(D16>=70,"Merit",IF(D16>=55,"Pass","Needs resubmission"))))
A18: Criteria scored | D18: =COUNT(C6:C14)&"/9"

Sheet Team 6
A1: Team name
A2: Project
A3: Evaluator
A5: Criterion | B5: Weight | C5: Level (1 to 4) | D5: Points | E5: Evidence notes
A6: =Rubric!A2 | B6: =Rubric!B2 | D6: =IF(C6="","",B6*C6/4)
A7: =Rubric!A3 | B7: =Rubric!B3 | D7: =IF(C7="","",B7*C7/4)
A8: =Rubric!A4 | B8: =Rubric!B4 | D8: =IF(C8="","",B8*C8/4)
A9: =Rubric!A5 | B9: =Rubric!B5 | D9: =IF(C9="","",B9*C9/4)
A10: =Rubric!A6 | B10: =Rubric!B6 | D10: =IF(C10="","",B10*C10/4)
A11: =Rubric!A7 | B11: =Rubric!B7 | D11: =IF(C11="","",B11*C11/4)
A12: =Rubric!A8 | B12: =Rubric!B8 | D12: =IF(C12="","",B12*C12/4)
A13: =Rubric!A9 | B13: =Rubric!B9 | D13: =IF(C13="","",B13*C13/4)
A14: =Rubric!A10 | B14: =Rubric!B10 | D14: =IF(C14="","",B14*C14/4)
A16: Total (out of 100) | D16: =IF(COUNT(C6:C14)=0,"",SUM(D6:D14))
A17: Grade band | D17: =IF(D16="","",IF(D16>=85,"Distinction",IF(D16>=70,"Merit",IF(D16>=55,"Pass","Needs resubmission"))))
A18: Criteria scored | D18: =COUNT(C6:C14)&"/9"

Sheet Team 7
A1: Team name
A2: Project
A3: Evaluator
A5: Criterion | B5: Weight | C5: Level (1 to 4) | D5: Points | E5: Evidence notes
A6: =Rubric!A2 | B6: =Rubric!B2 | D6: =IF(C6="","",B6*C6/4)
A7: =Rubric!A3 | B7: =Rubric!B3 | D7: =IF(C7="","",B7*C7/4)
A8: =Rubric!A4 | B8: =Rubric!B4 | D8: =IF(C8="","",B8*C8/4)
A9: =Rubric!A5 | B9: =Rubric!B5 | D9: =IF(C9="","",B9*C9/4)
A10: =Rubric!A6 | B10: =Rubric!B6 | D10: =IF(C10="","",B10*C10/4)
A11: =Rubric!A7 | B11: =Rubric!B7 | D11: =IF(C11="","",B11*C11/4)
A12: =Rubric!A8 | B12: =Rubric!B8 | D12: =IF(C12="","",B12*C12/4)
A13: =Rubric!A9 | B13: =Rubric!B9 | D13: =IF(C13="","",B13*C13/4)
A14: =Rubric!A10 | B14: =Rubric!B10 | D14: =IF(C14="","",B14*C14/4)
A16: Total (out of 100) | D16: =IF(COUNT(C6:C14)=0,"",SUM(D6:D14))
A17: Grade band | D17: =IF(D16="","",IF(D16>=85,"Distinction",IF(D16>=70,"Merit",IF(D16>=55,"Pass","Needs resubmission"))))
A18: Criteria scored | D18: =COUNT(C6:C14)&"/9"

Sheet Team 8
A1: Team name
A2: Project
A3: Evaluator
A5: Criterion | B5: Weight | C5: Level (1 to 4) | D5: Points | E5: Evidence notes
A6: =Rubric!A2 | B6: =Rubric!B2 | D6: =IF(C6="","",B6*C6/4)
A7: =Rubric!A3 | B7: =Rubric!B3 | D7: =IF(C7="","",B7*C7/4)
A8: =Rubric!A4 | B8: =Rubric!B4 | D8: =IF(C8="","",B8*C8/4)
A9: =Rubric!A5 | B9: =Rubric!B5 | D9: =IF(C9="","",B9*C9/4)
A10: =Rubric!A6 | B10: =Rubric!B6 | D10: =IF(C10="","",B10*C10/4)
A11: =Rubric!A7 | B11: =Rubric!B7 | D11: =IF(C11="","",B11*C11/4)
A12: =Rubric!A8 | B12: =Rubric!B8 | D12: =IF(C12="","",B12*C12/4)
A13: =Rubric!A9 | B13: =Rubric!B9 | D13: =IF(C13="","",B13*C13/4)
A14: =Rubric!A10 | B14: =Rubric!B10 | D14: =IF(C14="","",B14*C14/4)
A16: Total (out of 100) | D16: =IF(COUNT(C6:C14)=0,"",SUM(D6:D14))
A17: Grade band | D17: =IF(D16="","",IF(D16>=85,"Distinction",IF(D16>=70,"Merit",IF(D16>=55,"Pass","Needs resubmission"))))
A18: Criteria scored | D18: =COUNT(C6:C14)&"/9"
